[
  {
    "domain": ".discord.com",
    "httpOnly": true,
    "name": "_cfuvid",
    "path": "/",
    "sameSite": "None",
    "secure": true,
    "value": "_Q2qlRfhd5GuUo09fjhVOyzAq9ilV4X_04Zvr09CSgM-1745191732124-0.0.1.1-604800000"
  },
  {
    "domain": ".discord.com",
    "httpOnly": true,
    "name": "__cfruid",
    "path": "/",
    "sameSite": "None",
    "secure": true,
    "value": "555d508db5c12c91bd0bf00a7d7a10dc494954eb-1745191732"
  },
  {
    "domain": ".discord.com",
    "expiry": 1776727732,
    "httpOnly": true,
    "name": "cf_clearance",
    "path": "/",
    "sameSite": "None",
    "secure": true,
    "value": "nIKMmzJU7vQ6pDbyOI0x.G0oOo7Git7ku6e4NkP4LfE-1745191732-1.2.1.1-Yl94Nql30s4JBElhExDfdAz.qwTpKpjdu5tyDfuVftrsgheYVC2LoDt0TGOrA3wR42tx3RxMBns_urq7a.ZDk.Y7xqDUSsjiFFPYxHok3mP.N7nt_i9aRJcvLpIJAkKwBNR_Ev1OCgHNzuu_ESyy_eI.7.bDqguQ7CTq0K0HCHughV0dYSIpsLpmiuRfZ32_4SRD.8o9TOGpUqSlN2EtdRUDdzt3315TaCrGmI2zgIABV.XCWjdy9k.YxClsBwudv_N2hSJ0GvaoK4qDO3DU_yXnaM9n5s8RbPk5pJyCq4ZzJy_V2MpgRaxjvY4jGKn7fWUvTo_33NMhHWbOhwg9gaj_uCEhS0GHCCqAIFSR3eI"
  },
  {
    "domain": "discord.com",
    "expiry": 1779751598,
    "httpOnly": true,
    "name": "__sdcfduid",
    "path": "/",
    "sameSite": "Lax",
    "secure": true,
    "value": "e8a5a1e11e3e11f0bf9a6b970501c0372d6a3894fa0beef4ee685f9991d1cd47c94f3303c835f76b6d5cb598df433a24"
  },
  {
    "domain": "discord.com",
    "expiry": 1779751598,
    "httpOnly": true,
    "name": "__dcfduid",
    "path": "/",
    "sameSite": "Lax",
    "secure": true,
    "value": "e8a5a1e01e3e11f0bf9a6b970501c037"
  }
]