[
  {
    "username": "itsmeshin09",
    "display_name": "ItsMeShin09",
    "user_id": "1280303453494710383",
    "joined_at": "April 23, 2025",
    "account_created": "September 02, 2024",
    "server_id": "1005079440654602330",
    "server_name": "Crypto Banter Hub",
    "added": false,
    "flagged": false
  },
  {
    "username": "miquelleferreira5",
    "display_name": "miquelleferreira5",
    "user_id": "612008985901531158",
    "joined_at": "April 23, 2025",
    "account_created": "August 16, 2019",
    "server_id": "1005079440654602330",
    "server_name": "Crypto Banter Hub",
    "added": false,
    "flagged": false
  }
]