[
  {
    "username": "veiledarchitect",
    "display_name": "Shawn's Wife",
    "user_id": "244249047114842113",
    "joined_at": "April 21, 2025",
    "account_created": "November 04, 2016",
    "server_id": "1037784194476163223",
    "server_name": "WallStreetBets",
    "added": true,
    "flagged": false
  },
  {
    "username": "lost_in_glitch_15340",
    "display_name": "Rab",
    "user_id": "1231950721423904798",
    "joined_at": "April 21, 2025",
    "account_created": "April 22, 2024",
    "server_id": "1037784194476163223",
    "server_name": "WallStreetBets",
    "added": true,
    "flagged": false
  },
  {
    "username": "thebet_26673",
    "display_name": "thebet",
    "user_id": "1364026766339084339",
    "joined_at": "April 21, 2025",
    "account_created": "April 21, 2025",
    "server_id": "1037784194476163223",
    "server_name": "WallStreetBets",
    "added": true,
    "flagged": false
  },
  {
    "username": "kuoneqforce",
    "display_name": "ku",
    "user_id": "798765751690461204",
    "joined_at": "April 21, 2025",
    "account_created": "January 13, 2021",
    "server_id": "1037784194476163223",
    "server_name": "WallStreetBets",
    "added": true,
    "flagged": false
  },
  {
    "username": "bigm0n",
    "display_name": "BigMon",
    "user_id": "817403744030294049",
    "joined_at": "April 22, 2025",
    "account_created": "March 05, 2021",
    "server_id": "1037784194476163223",
    "server_name": "WallStreetBets",
    "added": true,
    "flagged": false
  },
  {
    "username": "samop01",
    "display_name": "SamOp\ud83d\udc53",
    "user_id": "1193022731030106257",
    "joined_at": "April 22, 2025",
    "account_created": "January 06, 2024",
    "server_id": "1037784194476163223",
    "server_name": "WallStreetBets",
    "added": true,
    "flagged": false
  }
]