[
  {
    "username": "sniper_trade",
    "display_name": "Sniper Trader",
    "user_id": "535390382796570634",
    "joined_at": "April 22, 2025",
    "account_created": "January 17, 2019",
    "server_id": "1192774559636660244",
    "server_name": "The Currency Cave",
    "added": false,
    "flagged": true
  },
  {
    "username": "nehemiah_78773",
    "display_name": "Nehemiah",
    "user_id": "1364239054618628156",
    "joined_at": "April 22, 2025",
    "account_created": "April 22, 2025",
    "server_id": "1192774559636660244",
    "server_name": "The Currency Cave",
    "added": true,
    "flagged": false
  },
  {
    "username": "serverdisplay",
    "display_name": "Server Display",
    "user_id": "1338470214886625283",
    "joined_at": "April 22, 2025",
    "account_created": "February 10, 2025",
    "server_id": "1192774559636660244",
    "server_name": "The Currency Cave",
    "added": true,
    "flagged": false
  },
  {
    "username": "kingenihcam",
    "display_name": "Kingenihcam",
    "user_id": "1304593038600831006",
    "joined_at": "April 22, 2025",
    "account_created": "November 08, 2024",
    "server_id": "1192774559636660244",
    "server_name": "The Currency Cave",
    "added": false,
    "flagged": false
  },
  {
    "username": "gillette1968",
    "display_name": "MikeMike",
    "user_id": "1364384071655882773",
    "joined_at": "April 22, 2025",
    "account_created": "April 22, 2025",
    "server_id": "1192774559636660244",
    "server_name": "The Currency Cave",
    "added": true,
    "flagged": false
  },
  {
    "username": "45seahunter",
    "display_name": "45Seahunter",
    "user_id": "1182112971455987723",
    "joined_at": "April 22, 2025",
    "account_created": "December 07, 2023",
    "server_id": "1192774559636660244",
    "server_name": "The Currency Cave",
    "added": false,
    "flagged": false
  },
  {
    "username": "jaycn3599",
    "display_name": "jaycn",
    "user_id": "922264447471456266",
    "joined_at": "April 23, 2025",
    "account_created": "December 19, 2021",
    "server_id": "1192774559636660244",
    "server_name": "The Currency Cave",
    "added": true,
    "flagged": false
  },
  {
    "username": "captivating_pomelo_96138",
    "display_name": "captivating_pomelo_96138",
    "user_id": "1364577707740106892",
    "joined_at": "April 23, 2025",
    "account_created": "April 23, 2025",
    "server_id": "1192774559636660244",
    "server_name": "The Currency Cave",
    "added": true,
    "flagged": false
  },
  {
    "username": "rileyhanning",
    "display_name": "Riley",
    "user_id": "706005737033171015",
    "joined_at": "April 23, 2025",
    "account_created": "May 02, 2020",
    "server_id": "1192774559636660244",
    "server_name": "The Currency Cave",
    "added": false,
    "flagged": false
  },
  {
    "username": "jeeva1095",
    "display_name": "Jeeva",
    "user_id": "854362925224427580",
    "joined_at": "April 23, 2025",
    "account_created": "June 15, 2021",
    "server_id": "1192774559636660244",
    "server_name": "The Currency Cave",
    "added": true,
    "flagged": false
  }
]