[
  {
    "username": "nate.poff",
    "display_name": "nate",
    "user_id": "690673980310552616",
    "joined_at": "April 22, 2025",
    "account_created": "March 20, 2020",
    "server_id": "1256003762347311206",
    "server_name": "Steph's Trading",
    "added": true,
    "flagged": false
  },
  {
    "username": "ihatedossers",
    "display_name": "MoneyMan05",
    "user_id": "769950705343397890",
    "joined_at": "April 22, 2025",
    "account_created": "October 25, 2020",
    "server_id": "1256003762347311206",
    "server_name": "Steph's Trading",
    "added": true,
    "flagged": false
  },
  {
    "username": "crushanisbest",
    "display_name": "Lafygaga",
    "user_id": "1170007752840589362",
    "joined_at": "April 22, 2025",
    "account_created": "November 03, 2023",
    "server_id": "1256003762347311206",
    "server_name": "Steph's Trading",
    "added": true,
    "flagged": false
  },
  {
    "username": "trapluvdre",
    "display_name": "Trapluvdre",
    "user_id": "806220648967438397",
    "joined_at": "April 22, 2025",
    "account_created": "February 02, 2021",
    "server_id": "1256003762347311206",
    "server_name": "Steph's Trading",
    "added": true,
    "flagged": false
  },
  {
    "username": "gloriawood",
    "display_name": "gloriawood",
    "user_id": "1053383667646472244",
    "joined_at": "April 22, 2025",
    "account_created": "December 16, 2022",
    "server_id": "1256003762347311206",
    "server_name": "Steph's Trading",
    "added": true,
    "flagged": false
  },
  {
    "username": "lxlando",
    "display_name": "lxLando",
    "user_id": "846220878672298014",
    "joined_at": "April 22, 2025",
    "account_created": "May 24, 2021",
    "server_id": "1256003762347311206",
    "server_name": "Steph's Trading",
    "added": true,
    "flagged": false
  },
  {
    "username": "mikusmcdikus",
    "display_name": "mikus",
    "user_id": "705113210784710709",
    "joined_at": "April 22, 2025",
    "account_created": "April 29, 2020",
    "server_id": "1256003762347311206",
    "server_name": "Steph's Trading",
    "added": false,
    "flagged": false
  },
  {
    "username": "tylerbhuff013037",
    "display_name": "tylerbhuff01",
    "user_id": "898706813539729459",
    "joined_at": "April 22, 2025",
    "account_created": "October 15, 2021",
    "server_id": "1256003762347311206",
    "server_name": "Steph's Trading",
    "added": true,
    "flagged": false
  },
  {
    "username": ".jimmaras",
    "display_name": "Jimmaras",
    "user_id": "1095492027497586869",
    "joined_at": "April 22, 2025",
    "account_created": "April 11, 2023",
    "server_id": "1256003762347311206",
    "server_name": "Steph's Trading",
    "added": false,
    "flagged": false
  },
  {
    "username": "onlytreyxo",
    "display_name": "TreyXO \ud83d\udc95",
    "user_id": "854171776027066399",
    "joined_at": "April 22, 2025",
    "account_created": "June 15, 2021",
    "server_id": "1256003762347311206",
    "server_name": "Steph's Trading",
    "added": false,
    "flagged": false
  },
  {
    "username": "sabere0",
    "display_name": "Sens",
    "user_id": "687485021933535353",
    "joined_at": "April 22, 2025",
    "account_created": "March 12, 2020",
    "server_id": "1256003762347311206",
    "server_name": "Steph's Trading",
    "added": false,
    "flagged": false
  },
  {
    "username": "benim1235",
    "display_name": "Kl\u00e5sterG\u00e5rden",
    "user_id": "523154364915908630",
    "joined_at": "April 22, 2025",
    "account_created": "December 14, 2018",
    "server_id": "1256003762347311206",
    "server_name": "Steph's Trading",
    "added": true,
    "flagged": false
  },
  {
    "username": "hedgehog122",
    "display_name": "smccormick657",
    "user_id": "572848442867580974",
    "joined_at": "April 22, 2025",
    "account_created": "April 30, 2019",
    "server_id": "1256003762347311206",
    "server_name": "Steph's Trading",
    "added": false,
    "flagged": false
  },
  {
    "username": "dripi7234",
    "display_name": "chechi",
    "user_id": "787848348844949554",
    "joined_at": "April 22, 2025",
    "account_created": "December 14, 2020",
    "server_id": "1256003762347311206",
    "server_name": "Steph's Trading",
    "added": true,
    "flagged": false
  },
  {
    "username": "frost_gamer162902",
    "display_name": "rxhim.4kt",
    "user_id": "771683005361553408",
    "joined_at": "April 22, 2025",
    "account_created": "October 30, 2020",
    "server_id": "1256003762347311206",
    "server_name": "Steph's Trading",
    "added": true,
    "flagged": false
  },
  {
    "username": "satraded",
    "display_name": "Bear",
    "user_id": "1263558170350194821",
    "joined_at": "April 22, 2025",
    "account_created": "July 18, 2024",
    "server_id": "1256003762347311206",
    "server_name": "Steph's Trading",
    "added": false,
    "flagged": true
  },
  {
    "username": "stephtradzzz01",
    "display_name": "Steph Tradez",
    "user_id": "1071852926995284048",
    "joined_at": "April 22, 2025",
    "account_created": "February 05, 2023",
    "server_id": "1256003762347311206",
    "server_name": "Steph's Trading",
    "added": false,
    "flagged": true
  },
  {
    "username": "leotrader4175",
    "display_name": "leotrader",
    "user_id": "1110108403298226197",
    "joined_at": "April 22, 2025",
    "account_created": "May 22, 2023",
    "server_id": "1256003762347311206",
    "server_name": "Steph's Trading",
    "added": false,
    "flagged": true
  },
  {
    "username": "leonelplayer0442",
    "display_name": "leonelplayer",
    "user_id": "710528680425816125",
    "joined_at": "April 22, 2025",
    "account_created": "May 14, 2020",
    "server_id": "1256003762347311206",
    "server_name": "Steph's Trading",
    "added": true,
    "flagged": false
  },
  {
    "username": "k3lly2136",
    "display_name": "Kelly",
    "user_id": "1040049816899694645",
    "joined_at": "April 22, 2025",
    "account_created": "November 09, 2022",
    "server_id": "1256003762347311206",
    "server_name": "Steph's Trading",
    "added": true,
    "flagged": false
  },
  {
    "username": "_chrissain04",
    "display_name": "\ud835\uddd6\ud835\uddf5\ud835\uddff\ud835\uddf6\ud835\ude00 \ud835\udde6\ud835\uddee\ud835\uddf6\ud835\uddfb",
    "user_id": "1354728313167282307",
    "joined_at": "April 22, 2025",
    "account_created": "March 27, 2025",
    "server_id": "1256003762347311206",
    "server_name": "Steph's Trading",
    "added": true,
    "flagged": false
  },
  {
    "username": "davrentru",
    "display_name": ".Tru",
    "user_id": "730550581382348811",
    "joined_at": "April 22, 2025",
    "account_created": "July 08, 2020",
    "server_id": "1256003762347311206",
    "server_name": "Steph's Trading",
    "added": false,
    "flagged": false
  },
  {
    "username": ".cryptopsycho_",
    "display_name": "CryptoPsycho",
    "user_id": "1174346249491718178",
    "joined_at": "April 22, 2025",
    "account_created": "November 15, 2023",
    "server_id": "1256003762347311206",
    "server_name": "Steph's Trading",
    "added": false,
    "flagged": true
  },
  {
    "username": "dh118423",
    "display_name": "Deb@Han",
    "user_id": "1325091486832001141",
    "joined_at": "April 22, 2025",
    "account_created": "January 04, 2025",
    "server_id": "1256003762347311206",
    "server_name": "Steph's Trading",
    "added": true,
    "flagged": false
  },
  {
    "username": "rowanfleming",
    "display_name": "rowan",
    "user_id": "542530875812741130",
    "joined_at": "April 22, 2025",
    "account_created": "February 06, 2019",
    "server_id": "1256003762347311206",
    "server_name": "Steph's Trading",
    "added": false,
    "flagged": false
  },
  {
    "username": "alek1127",
    "display_name": "alek",
    "user_id": "974491041145192479",
    "joined_at": "April 23, 2025",
    "account_created": "May 13, 2022",
    "server_id": "1256003762347311206",
    "server_name": "Steph's Trading",
    "added": true,
    "flagged": false
  },
  {
    "username": "tropic4528",
    "display_name": "tropic4528",
    "user_id": "916612358984589372",
    "joined_at": "April 23, 2025",
    "account_created": "December 04, 2021",
    "server_id": "1256003762347311206",
    "server_name": "Steph's Trading",
    "added": true,
    "flagged": false
  },
  {
    "username": "bigballinblaine",
    "display_name": "Blaine",
    "user_id": "1200551065230254200",
    "joined_at": "April 23, 2025",
    "account_created": "January 26, 2024",
    "server_id": "1256003762347311206",
    "server_name": "Steph's Trading",
    "added": false,
    "flagged": false
  },
  {
    "username": "hybr1dd",
    "display_name": "hybrid",
    "user_id": "823232776190558209",
    "joined_at": "April 23, 2025",
    "account_created": "March 21, 2021",
    "server_id": "1256003762347311206",
    "server_name": "Steph's Trading",
    "added": false,
    "flagged": false
  },
  {
    "username": "agust0334",
    "display_name": "Agust",
    "user_id": "1364640245349486675",
    "joined_at": "April 23, 2025",
    "account_created": "April 23, 2025",
    "server_id": "1256003762347311206",
    "server_name": "Steph's Trading",
    "added": true,
    "flagged": false
  }
]