[
  {
    "username": "julianandres_23",
    "display_name": "julianandres",
    "user_id": "728374274024538112",
    "joined_at": "April 21, 2025",
    "account_created": "July 02, 2020",
    "server_id": "1316750175930421389",
    "server_name": "PJ Trades",
    "added": true,
    "flagged": false
  },
  {
    "username": "jagoon_",
    "display_name": "JaGoon",
    "user_id": "720032065059422208",
    "joined_at": "April 21, 2025",
    "account_created": "June 09, 2020",
    "server_id": "1316750175930421389",
    "server_name": "PJ Trades",
    "added": true,
    "flagged": false
  },
  {
    "username": "nelsontt34",
    "display_name": "Nelsontt34",
    "user_id": "1179108623952138260",
    "joined_at": "April 22, 2025",
    "account_created": "November 28, 2023",
    "server_id": "1316750175930421389",
    "server_name": "PJ Trades",
    "added": true,
    "flagged": false
  },
  {
    "username": "saadoxy",
    "display_name": "saadoxy",
    "user_id": "1072048996681531502",
    "joined_at": "April 22, 2025",
    "account_created": "February 06, 2023",
    "server_id": "1316750175930421389",
    "server_name": "PJ Trades",
    "added": true,
    "flagged": false
  },
  {
    "username": "trevenoharris",
    "display_name": "MR_X",
    "user_id": "1019602029557059605",
    "joined_at": "April 22, 2025",
    "account_created": "September 14, 2022",
    "server_id": "1316750175930421389",
    "server_name": "PJ Trades",
    "added": false,
    "flagged": false
  },
  {
    "username": "jtrane0513",
    "display_name": "Jtrane",
    "user_id": "1364221485903777834",
    "joined_at": "April 22, 2025",
    "account_created": "April 22, 2025",
    "server_id": "1316750175930421389",
    "server_name": "PJ Trades",
    "added": true,
    "flagged": false
  },
  {
    "username": ".sukuna_6969.",
    "display_name": "Tushar",
    "user_id": "1311489541521014848",
    "joined_at": "April 22, 2025",
    "account_created": "November 28, 2024",
    "server_id": "1316750175930421389",
    "server_name": "PJ Trades",
    "added": false,
    "flagged": false
  },
  {
    "username": "deviate568",
    "display_name": "BB Dc",
    "user_id": "1118321854705307708",
    "joined_at": "April 22, 2025",
    "account_created": "June 13, 2023",
    "server_id": "1316750175930421389",
    "server_name": "PJ Trades",
    "added": false,
    "flagged": true
  },
  {
    "username": "makkan7298",
    "display_name": "! Makkan",
    "user_id": "521679875300524042",
    "joined_at": "April 22, 2025",
    "account_created": "December 10, 2018",
    "server_id": "1316750175930421389",
    "server_name": "PJ Trades",
    "added": true,
    "flagged": false
  },
  {
    "username": "jay_55.",
    "display_name": "xtoowavy",
    "user_id": "810310172052160544",
    "joined_at": "April 22, 2025",
    "account_created": "February 14, 2021",
    "server_id": "1316750175930421389",
    "server_name": "PJ Trades",
    "added": false,
    "flagged": false
  },
  {
    "username": "elle_40643",
    "display_name": "Elle",
    "user_id": "1352064222640734251",
    "joined_at": "April 22, 2025",
    "account_created": "March 19, 2025",
    "server_id": "1316750175930421389",
    "server_name": "PJ Trades",
    "added": true,
    "flagged": false
  },
  {
    "username": "lykuidgreatness",
    "display_name": "lykuidgreatness",
    "user_id": "834502246053838889",
    "joined_at": "April 22, 2025",
    "account_created": "April 21, 2021",
    "server_id": "1316750175930421389",
    "server_name": "PJ Trades",
    "added": false,
    "flagged": false
  },
  {
    "username": "cesar_1230_14494",
    "display_name": "Cesar",
    "user_id": "1306049131629903963",
    "joined_at": "April 22, 2025",
    "account_created": "November 13, 2024",
    "server_id": "1316750175930421389",
    "server_name": "PJ Trades",
    "added": true,
    "flagged": false
  },
  {
    "username": "chionne__",
    "display_name": "Marchio",
    "user_id": "396294032881614866",
    "joined_at": "April 22, 2025",
    "account_created": "December 29, 2017",
    "server_id": "1316750175930421389",
    "server_name": "PJ Trades",
    "added": false,
    "flagged": false
  },
  {
    "username": "tocinon22",
    "display_name": "Tocinon",
    "user_id": "684628001027129440",
    "joined_at": "April 22, 2025",
    "account_created": "March 04, 2020",
    "server_id": "1316750175930421389",
    "server_name": "PJ Trades",
    "added": false,
    "flagged": false
  },
  {
    "username": "itshoss.exc",
    "display_name": "Houssem",
    "user_id": "602359824818241550",
    "joined_at": "April 22, 2025",
    "account_created": "July 21, 2019",
    "server_id": "1316750175930421389",
    "server_name": "PJ Trades",
    "added": false,
    "flagged": false
  },
  {
    "username": "fearlessxo1",
    "display_name": "FearlessXO1",
    "user_id": "962232441668526120",
    "joined_at": "April 22, 2025",
    "account_created": "April 09, 2022",
    "server_id": "1316750175930421389",
    "server_name": "PJ Trades",
    "added": false,
    "flagged": false
  },
  {
    "username": "bobbyshmurda1378",
    "display_name": "Bobby Shmurda",
    "user_id": "421386634580328465",
    "joined_at": "April 22, 2025",
    "account_created": "March 08, 2018",
    "server_id": "1316750175930421389",
    "server_name": "PJ Trades",
    "added": true,
    "flagged": false
  },
  {
    "username": "rubbadubstubbs",
    "display_name": "rubbadubstubbs",
    "user_id": "1078860901479874580",
    "joined_at": "April 22, 2025",
    "account_created": "February 25, 2023",
    "server_id": "1316750175930421389",
    "server_name": "PJ Trades",
    "added": false,
    "flagged": false
  },
  {
    "username": "slimthickjim.",
    "display_name": "slimthick jim",
    "user_id": "1054592744498155604",
    "joined_at": "April 22, 2025",
    "account_created": "December 20, 2022",
    "server_id": "1316750175930421389",
    "server_name": "PJ Trades",
    "added": false,
    "flagged": false
  },
  {
    "username": "collnn",
    "display_name": "collin",
    "user_id": "1121010486830440478",
    "joined_at": "April 22, 2025",
    "account_created": "June 21, 2023",
    "server_id": "1316750175930421389",
    "server_name": "PJ Trades",
    "added": false,
    "flagged": false
  },
  {
    "username": "joeltuopaeh",
    "display_name": "joeltuopaeh",
    "user_id": "1041764932691181599",
    "joined_at": "April 22, 2025",
    "account_created": "November 14, 2022",
    "server_id": "1316750175930421389",
    "server_name": "PJ Trades",
    "added": false,
    "flagged": false
  },
  {
    "username": "atlas_ix.",
    "display_name": "Atlas",
    "user_id": "458757784524161024",
    "joined_at": "April 23, 2025",
    "account_created": "June 19, 2018",
    "server_id": "1316750175930421389",
    "server_name": "PJ Trades",
    "added": false,
    "flagged": false
  },
  {
    "username": "teun1144",
    "display_name": "Teun",
    "user_id": "498327599630778399",
    "joined_at": "April 23, 2025",
    "account_created": "October 07, 2018",
    "server_id": "1316750175930421389",
    "server_name": "PJ Trades",
    "added": true,
    "flagged": false
  },
  {
    "username": "newton_121_83142",
    "display_name": "Jenny",
    "user_id": "1356800681465348228",
    "joined_at": "April 23, 2025",
    "account_created": "April 02, 2025",
    "server_id": "1316750175930421389",
    "server_name": "PJ Trades",
    "added": true,
    "flagged": false
  },
  {
    "username": "emilio3947",
    "display_name": "Emilio",
    "user_id": "442052189750296597",
    "joined_at": "April 23, 2025",
    "account_created": "May 04, 2018",
    "server_id": "1316750175930421389",
    "server_name": "PJ Trades",
    "added": true,
    "flagged": false
  },
  {
    "username": "supr3mexl",
    "display_name": "SUPR3MExL",
    "user_id": "544827332326850571",
    "joined_at": "April 23, 2025",
    "account_created": "February 12, 2019",
    "server_id": "1316750175930421389",
    "server_name": "PJ Trades",
    "added": false,
    "flagged": false
  },
  {
    "username": "jmazz2110",
    "display_name": "jmazz2110",
    "user_id": "723910237160996896",
    "joined_at": "April 23, 2025",
    "account_created": "June 20, 2020",
    "server_id": "1316750175930421389",
    "server_name": "PJ Trades",
    "added": true,
    "flagged": false
  },
  {
    "username": "christian7770427",
    "display_name": "Christian777",
    "user_id": "1356011967067979827",
    "joined_at": "April 23, 2025",
    "account_created": "March 30, 2025",
    "server_id": "1316750175930421389",
    "server_name": "PJ Trades",
    "added": true,
    "flagged": false
  },
  {
    "username": "goodall69",
    "display_name": "Goodall83",
    "user_id": "1153985587418775594",
    "joined_at": "April 23, 2025",
    "account_created": "September 20, 2023",
    "server_id": "1316750175930421389",
    "server_name": "PJ Trades",
    "added": false,
    "flagged": false
  },
  {
    "username": "joeythboss1356",
    "display_name": "Joey1028",
    "user_id": "604847560741355530",
    "joined_at": "April 23, 2025",
    "account_created": "July 28, 2019",
    "server_id": "1316750175930421389",
    "server_name": "PJ Trades",
    "added": true,
    "flagged": false
  }
]