[
  {
    "username": "airuike_",
    "display_name": "KOWLOONWONTON",
    "user_id": "497749924885299201",
    "joined_at": "April 21, 2025",
    "account_created": "October 05, 2018",
    "server_id": "329381334701178885",
    "server_name": "CryptoPunks",
    "added": true,
    "flagged": false
  },
  {
    "username": "elonmuskworld",
    "display_name": "Elon",
    "user_id": "1364038337647738890",
    "joined_at": "April 22, 2025",
    "account_created": "April 22, 2025",
    "server_id": "329381334701178885",
    "server_name": "CryptoPunks",
    "added": true,
    "flagged": false
  },
  {
    "username": "sweetsoul234",
    "display_name": "Mandy\u263b",
    "user_id": "1022614530003574824",
    "joined_at": "April 22, 2025",
    "account_created": "September 22, 2022",
    "server_id": "329381334701178885",
    "server_name": "CryptoPunks",
    "added": true,
    "flagged": false
  },
  {
    "username": "sarwar_7",
    "display_name": "Sarwar",
    "user_id": "847560180279148574",
    "joined_at": "April 22, 2025",
    "account_created": "May 27, 2021",
    "server_id": "329381334701178885",
    "server_name": "CryptoPunks",
    "added": false,
    "flagged": false
  },
  {
    "username": "donny059712",
    "display_name": "Donny",
    "user_id": "1363398780438708264",
    "joined_at": "April 22, 2025",
    "account_created": "April 20, 2025",
    "server_id": "329381334701178885",
    "server_name": "CryptoPunks",
    "added": true,
    "flagged": false
  },
  {
    "username": "itsmedanny06",
    "display_name": "Danny",
    "user_id": "1215065606810894429",
    "joined_at": "April 22, 2025",
    "account_created": "March 06, 2024",
    "server_id": "329381334701178885",
    "server_name": "CryptoPunks",
    "added": false,
    "flagged": false
  },
  {
    "username": "cheesecakevodka",
    "display_name": "Dali",
    "user_id": "952579116568309823",
    "joined_at": "April 22, 2025",
    "account_created": "March 13, 2022",
    "server_id": "329381334701178885",
    "server_name": "CryptoPunks",
    "added": false,
    "flagged": false
  },
  {
    "username": "viv02",
    "display_name": "Viv",
    "user_id": "430076571303542786",
    "joined_at": "April 22, 2025",
    "account_created": "April 01, 2018",
    "server_id": "329381334701178885",
    "server_name": "CryptoPunks",
    "added": false,
    "flagged": false
  },
  {
    "username": "digitaln0m4d_",
    "display_name": "3ilzix",
    "user_id": "1334090221863698492",
    "joined_at": "April 22, 2025",
    "account_created": "January 29, 2025",
    "server_id": "329381334701178885",
    "server_name": "CryptoPunks",
    "added": false,
    "flagged": false
  },
  {
    "username": "fox42x4",
    "display_name": "FOX42",
    "user_id": "1206239081563033621",
    "joined_at": "April 22, 2025",
    "account_created": "February 11, 2024",
    "server_id": "329381334701178885",
    "server_name": "CryptoPunks",
    "added": false,
    "flagged": false
  },
  {
    "username": "frankgoddambutches",
    "display_name": "Frankgoddambutches",
    "user_id": "1361491734130983143",
    "joined_at": "April 22, 2025",
    "account_created": "April 15, 2025",
    "server_id": "329381334701178885",
    "server_name": "CryptoPunks",
    "added": true,
    "flagged": false
  },
  {
    "username": "amz1010.",
    "display_name": "Amz1010",
    "user_id": "1298471131657011200",
    "joined_at": "April 23, 2025",
    "account_created": "October 23, 2024",
    "server_id": "329381334701178885",
    "server_name": "CryptoPunks",
    "added": true,
    "flagged": false
  },
  {
    "username": "schmoremoney",
    "display_name": "$chmoney",
    "user_id": "1350969500459073587",
    "joined_at": "April 23, 2025",
    "account_created": "March 16, 2025",
    "server_id": "329381334701178885",
    "server_name": "CryptoPunks",
    "added": true,
    "flagged": false
  },
  {
    "username": "zhubie_",
    "display_name": "258617",
    "user_id": "1357494163871895663",
    "joined_at": "April 23, 2025",
    "account_created": "April 03, 2025",
    "server_id": "329381334701178885",
    "server_name": "CryptoPunks",
    "added": true,
    "flagged": false
  },
  {
    "username": "admiralfox42",
    "display_name": "admiralFOX",
    "user_id": "781184416164347933",
    "joined_at": "April 23, 2025",
    "account_created": "November 25, 2020",
    "server_id": "329381334701178885",
    "server_name": "CryptoPunks",
    "added": false,
    "flagged": false
  },
  {
    "username": "shahzaib3602",
    "display_name": "Shahzaib",
    "user_id": "712714353627103394",
    "joined_at": "April 23, 2025",
    "account_created": "May 20, 2020",
    "server_id": "329381334701178885",
    "server_name": "CryptoPunks",
    "added": true,
    "flagged": false
  },
  {
    "username": "ajo9960",
    "display_name": "AJO",
    "user_id": "795756838993264690",
    "joined_at": "April 23, 2025",
    "account_created": "January 04, 2021",
    "server_id": "329381334701178885",
    "server_name": "CryptoPunks",
    "added": true,
    "flagged": false
  },
  {
    "username": "lurker123_84278",
    "display_name": "lurker123",
    "user_id": "1364511670969438351",
    "joined_at": "April 23, 2025",
    "account_created": "April 23, 2025",
    "server_id": "329381334701178885",
    "server_name": "CryptoPunks",
    "added": true,
    "flagged": false
  },
  {
    "username": "0xf1r3x",
    "display_name": "! XFIRE.",
    "user_id": "1004347378511401051",
    "joined_at": "April 23, 2025",
    "account_created": "August 03, 2022",
    "server_id": "329381334701178885",
    "server_name": "CryptoPunks",
    "added": false,
    "flagged": false
  },
  {
    "username": "kasun.eth",
    "display_name": "Kasunn",
    "user_id": "920709001761677333",
    "joined_at": "April 23, 2025",
    "account_created": "December 15, 2021",
    "server_id": "329381334701178885",
    "server_name": "CryptoPunks",
    "added": false,
    "flagged": false
  },
  {
    "username": "jnftfi",
    "display_name": "Jonathan",
    "user_id": "631451896569135123",
    "joined_at": "April 23, 2025",
    "account_created": "October 09, 2019",
    "server_id": "329381334701178885",
    "server_name": "CryptoPunks",
    "added": false,
    "flagged": false
  },
  {
    "username": "izippo",
    "display_name": "iZippo \ud83c\uddfa\ud83c\udde6",
    "user_id": "922509527708991498",
    "joined_at": "April 23, 2025",
    "account_created": "December 20, 2021",
    "server_id": "329381334701178885",
    "server_name": "CryptoPunks",
    "added": false,
    "flagged": false
  },
  {
    "username": "atoxyz",
    "display_name": "Defy | Mag!c Eden",
    "user_id": "877636876343840838",
    "joined_at": "April 23, 2025",
    "account_created": "August 18, 2021",
    "server_id": "329381334701178885",
    "server_name": "CryptoPunks",
    "added": false,
    "flagged": false
  },
  {
    "username": "jessica035380",
    "display_name": "Jessica \ud83e\udef6",
    "user_id": "1262903825363112050",
    "joined_at": "April 23, 2025",
    "account_created": "July 16, 2024",
    "server_id": "329381334701178885",
    "server_name": "CryptoPunks",
    "added": true,
    "flagged": false
  }
]