[
  {
    "username": "stevelawson0304",
    "display_name": "Steve lawson",
    "user_id": "1360731187630440601",
    "joined_at": "April 22, 2025",
    "account_created": "April 12, 2025",
    "server_id": "606201198642593830",
    "server_name": "Trading Alphas",
    "added": true,
    "flagged": false
  },
  {
    "username": "yorles23",
    "display_name": "Yorles",
    "user_id": "460978807344594974",
    "joined_at": "April 22, 2025",
    "account_created": "June 26, 2018",
    "server_id": "606201198642593830",
    "server_name": "Trading Alphas",
    "added": true,
    "flagged": false
  },
  {
    "username": "iq_fx.",
    "display_name": "IQ_Fx",
    "user_id": "1363105713798250576",
    "joined_at": "April 22, 2025",
    "account_created": "April 19, 2025",
    "server_id": "606201198642593830",
    "server_name": "Trading Alphas",
    "added": false,
    "flagged": true
  }
]