[
  {
    "username": "anthony087391",
    "display_name": "@Anthony",
    "user_id": "1364018375139000330",
    "joined_at": "April 22, 2025",
    "account_created": "April 21, 2025",
    "server_id": "814439809149960202",
    "server_name": "MOMENTUM TRADES by Mr M Trades",
    "added": true,
    "flagged": false
  },
  {
    "username": "crryptoking",
    "display_name": "Future",
    "user_id": "1265259378211029108",
    "joined_at": "April 22, 2025",
    "account_created": "July 23, 2024",
    "server_id": "814439809149960202",
    "server_name": "MOMENTUM TRADES by Mr M Trades",
    "added": true,
    "flagged": false
  },
  {
    "username": "hakonen_willow",
    "display_name": "Wilow",
    "user_id": "1200194566544957631",
    "joined_at": "April 22, 2025",
    "account_created": "January 25, 2024",
    "server_id": "814439809149960202",
    "server_name": "MOMENTUM TRADES by Mr M Trades",
    "added": false,
    "flagged": false
  },
  {
    "username": "ish4q786",
    "display_name": "ish4q786",
    "user_id": "711991677119627344",
    "joined_at": "April 22, 2025",
    "account_created": "May 18, 2020",
    "server_id": "814439809149960202",
    "server_name": "MOMENTUM TRADES by Mr M Trades",
    "added": true,
    "flagged": false
  },
  {
    "username": "lyingseeker5335",
    "display_name": "Assassin",
    "user_id": "1027324743176695918",
    "joined_at": "April 22, 2025",
    "account_created": "October 05, 2022",
    "server_id": "814439809149960202",
    "server_name": "MOMENTUM TRADES by Mr M Trades",
    "added": true,
    "flagged": false
  },
  {
    "username": "matthew_swift299",
    "display_name": "Matthew Swift",
    "user_id": "1348995938655666197",
    "joined_at": "April 22, 2025",
    "account_created": "March 11, 2025",
    "server_id": "814439809149960202",
    "server_name": "MOMENTUM TRADES by Mr M Trades",
    "added": false,
    "flagged": false
  },
  {
    "username": "hellen026851",
    "display_name": "Hellen",
    "user_id": "1364172660120092673",
    "joined_at": "April 22, 2025",
    "account_created": "April 22, 2025",
    "server_id": "814439809149960202",
    "server_name": "MOMENTUM TRADES by Mr M Trades",
    "added": true,
    "flagged": false
  },
  {
    "username": "completely0nnat",
    "display_name": "! Kxsh\ud83e\uddf8",
    "user_id": "1066430252554915911",
    "joined_at": "April 22, 2025",
    "account_created": "January 21, 2023",
    "server_id": "814439809149960202",
    "server_name": "MOMENTUM TRADES by Mr M Trades",
    "added": true,
    "flagged": false
  },
  {
    "username": "hamzatradesfx",
    "display_name": "Hamza G",
    "user_id": "1363281927716470845",
    "joined_at": "April 22, 2025",
    "account_created": "April 19, 2025",
    "server_id": "814439809149960202",
    "server_name": "MOMENTUM TRADES by Mr M Trades",
    "added": false,
    "flagged": true
  },
  {
    "username": "bhaveshchavda",
    "display_name": "Bhavesh Chavda",
    "user_id": "529185168087318538",
    "joined_at": "April 22, 2025",
    "account_created": "December 31, 2018",
    "server_id": "814439809149960202",
    "server_name": "MOMENTUM TRADES by Mr M Trades",
    "added": false,
    "flagged": false
  },
  {
    "username": "brendald",
    "display_name": "\u2764\u270c",
    "user_id": "1364048819540594770",
    "joined_at": "April 22, 2025",
    "account_created": "April 22, 2025",
    "server_id": "814439809149960202",
    "server_name": "MOMENTUM TRADES by Mr M Trades",
    "added": true,
    "flagged": false
  },
  {
    "username": "jekoigiji",
    "display_name": "Jekoi giji",
    "user_id": "1364260878572191786",
    "joined_at": "April 22, 2025",
    "account_created": "April 22, 2025",
    "server_id": "814439809149960202",
    "server_name": "MOMENTUM TRADES by Mr M Trades",
    "added": true,
    "flagged": false
  },
  {
    "username": "laura_mason",
    "display_name": "laura mason",
    "user_id": "1361394915564847124",
    "joined_at": "April 22, 2025",
    "account_created": "April 14, 2025",
    "server_id": "814439809149960202",
    "server_name": "MOMENTUM TRADES by Mr M Trades",
    "added": true,
    "flagged": false
  },
  {
    "username": "olygde1",
    "display_name": "Monke hater",
    "user_id": "997193629133180950",
    "joined_at": "April 22, 2025",
    "account_created": "July 14, 2022",
    "server_id": "814439809149960202",
    "server_name": "MOMENTUM TRADES by Mr M Trades",
    "added": false,
    "flagged": false
  },
  {
    "username": "joshh_29714",
    "display_name": "Josh H",
    "user_id": "1359535116212240535",
    "joined_at": "April 22, 2025",
    "account_created": "April 09, 2025",
    "server_id": "814439809149960202",
    "server_name": "MOMENTUM TRADES by Mr M Trades",
    "added": true,
    "flagged": false
  },
  {
    "username": "zorro02424",
    "display_name": "zorro",
    "user_id": "784294149229903882",
    "joined_at": "April 22, 2025",
    "account_created": "December 04, 2020",
    "server_id": "814439809149960202",
    "server_name": "MOMENTUM TRADES by Mr M Trades",
    "added": true,
    "flagged": false
  },
  {
    "username": "frankmadelell",
    "display_name": "Frank madelell",
    "user_id": "1363854979663663224",
    "joined_at": "April 22, 2025",
    "account_created": "April 21, 2025",
    "server_id": "814439809149960202",
    "server_name": "MOMENTUM TRADES by Mr M Trades",
    "added": true,
    "flagged": false
  },
  {
    "username": "zhast",
    "display_name": "Zhast",
    "user_id": "180468183331766272",
    "joined_at": "April 22, 2025",
    "account_created": "May 12, 2016",
    "server_id": "814439809149960202",
    "server_name": "MOMENTUM TRADES by Mr M Trades",
    "added": false,
    "flagged": false
  },
  {
    "username": "prideofgypsies0605_68121",
    "display_name": "PrideOfGypsies",
    "user_id": "1249259266800615476",
    "joined_at": "April 22, 2025",
    "account_created": "June 09, 2024",
    "server_id": "814439809149960202",
    "server_name": "MOMENTUM TRADES by Mr M Trades",
    "added": true,
    "flagged": false
  },
  {
    "username": "tello0277",
    "display_name": "Tello",
    "user_id": "1238929652437876776",
    "joined_at": "April 22, 2025",
    "account_created": "May 11, 2024",
    "server_id": "814439809149960202",
    "server_name": "MOMENTUM TRADES by Mr M Trades",
    "added": true,
    "flagged": false
  },
  {
    "username": "tenacious_star_40862",
    "display_name": "tenacious_star_40862",
    "user_id": "1277906506981048392",
    "joined_at": "April 22, 2025",
    "account_created": "August 27, 2024",
    "server_id": "814439809149960202",
    "server_name": "MOMENTUM TRADES by Mr M Trades",
    "added": true,
    "flagged": false
  },
  {
    "username": "hinthom_71661",
    "display_name": "Thomas H.",
    "user_id": "1277172442690883586",
    "joined_at": "April 22, 2025",
    "account_created": "August 25, 2024",
    "server_id": "814439809149960202",
    "server_name": "MOMENTUM TRADES by Mr M Trades",
    "added": true,
    "flagged": false
  },
  {
    "username": ".001patrick",
    "display_name": "htmtj.o",
    "user_id": "1294784678401937459",
    "joined_at": "April 22, 2025",
    "account_created": "October 12, 2024",
    "server_id": "814439809149960202",
    "server_name": "MOMENTUM TRADES by Mr M Trades",
    "added": false,
    "flagged": false
  },
  {
    "username": "domblazz",
    "display_name": "Domblazz",
    "user_id": "1225799607733190676",
    "joined_at": "April 22, 2025",
    "account_created": "April 05, 2024",
    "server_id": "814439809149960202",
    "server_name": "MOMENTUM TRADES by Mr M Trades",
    "added": false,
    "flagged": false
  },
  {
    "username": "jeniferscott",
    "display_name": "Jenifer scott",
    "user_id": "1363177281861845163",
    "joined_at": "April 22, 2025",
    "account_created": "April 19, 2025",
    "server_id": "814439809149960202",
    "server_name": "MOMENTUM TRADES by Mr M Trades",
    "added": true,
    "flagged": false
  },
  {
    "username": "johnsonhally",
    "display_name": "Johnson hally",
    "user_id": "1350961122232107109",
    "joined_at": "April 22, 2025",
    "account_created": "March 16, 2025",
    "server_id": "814439809149960202",
    "server_name": "MOMENTUM TRADES by Mr M Trades",
    "added": true,
    "flagged": false
  },
  {
    "username": "deno8589",
    "display_name": "Deniz",
    "user_id": "1050039628465438800",
    "joined_at": "April 23, 2025",
    "account_created": "December 07, 2022",
    "server_id": "814439809149960202",
    "server_name": "MOMENTUM TRADES by Mr M Trades",
    "added": true,
    "flagged": false
  },
  {
    "username": "saleint_05282",
    "display_name": "saleint",
    "user_id": "1364498402896777288",
    "joined_at": "April 23, 2025",
    "account_created": "April 23, 2025",
    "server_id": "814439809149960202",
    "server_name": "MOMENTUM TRADES by Mr M Trades",
    "added": true,
    "flagged": false
  },
  {
    "username": "samipurake",
    "display_name": "AnonPurake",
    "user_id": "1005198862941700126",
    "joined_at": "April 23, 2025",
    "account_created": "August 05, 2022",
    "server_id": "814439809149960202",
    "server_name": "MOMENTUM TRADES by Mr M Trades",
    "added": false,
    "flagged": false
  },
  {
    "username": "mr.yousif1212",
    "display_name": "MR.YOUSIF",
    "user_id": "1321495223976726602",
    "joined_at": "April 23, 2025",
    "account_created": "December 25, 2024",
    "server_id": "814439809149960202",
    "server_name": "MOMENTUM TRADES by Mr M Trades",
    "added": true,
    "flagged": false
  },
  {
    "username": "m4jid1997",
    "display_name": "m4jid1997",
    "user_id": "1253074793431826467",
    "joined_at": "April 23, 2025",
    "account_created": "June 19, 2024",
    "server_id": "814439809149960202",
    "server_name": "MOMENTUM TRADES by Mr M Trades",
    "added": true,
    "flagged": false
  },
  {
    "username": "raysxyn",
    "display_name": "\ud83d\udee0Ryan montogomery\ud83d\udee0",
    "user_id": "1227343957541912621",
    "joined_at": "April 23, 2025",
    "account_created": "April 09, 2024",
    "server_id": "814439809149960202",
    "server_name": "MOMENTUM TRADES by Mr M Trades",
    "added": false,
    "flagged": false
  },
  {
    "username": "jacob_juampi",
    "display_name": "Jacob_juampi",
    "user_id": "1359354935476748380",
    "joined_at": "April 23, 2025",
    "account_created": "April 09, 2025",
    "server_id": "814439809149960202",
    "server_name": "MOMENTUM TRADES by Mr M Trades",
    "added": true,
    "flagged": false
  },
  {
    "username": "abibi679",
    "display_name": "Abibigirl",
    "user_id": "1359551627735990394",
    "joined_at": "April 23, 2025",
    "account_created": "April 09, 2025",
    "server_id": "814439809149960202",
    "server_name": "MOMENTUM TRADES by Mr M Trades",
    "added": true,
    "flagged": false
  },
  {
    "username": "tradesbyscill",
    "display_name": "SCI",
    "user_id": "1333904585781153966",
    "joined_at": "April 23, 2025",
    "account_created": "January 28, 2025",
    "server_id": "814439809149960202",
    "server_name": "MOMENTUM TRADES by Mr M Trades",
    "added": false,
    "flagged": true
  },
  {
    "username": "sweetness02631",
    "display_name": "Sweetness",
    "user_id": "1357971315432357898",
    "joined_at": "April 23, 2025",
    "account_created": "April 05, 2025",
    "server_id": "814439809149960202",
    "server_name": "MOMENTUM TRADES by Mr M Trades",
    "added": true,
    "flagged": false
  },
  {
    "username": "supharoek.",
    "display_name": "15y",
    "user_id": "1192387865221550170",
    "joined_at": "April 23, 2025",
    "account_created": "January 04, 2024",
    "server_id": "814439809149960202",
    "server_name": "MOMENTUM TRADES by Mr M Trades",
    "added": false,
    "flagged": false
  },
  {
    "username": "rishk0322",
    "display_name": "Rishk",
    "user_id": "1322989406260301864",
    "joined_at": "April 23, 2025",
    "account_created": "December 29, 2024",
    "server_id": "814439809149960202",
    "server_name": "MOMENTUM TRADES by Mr M Trades",
    "added": true,
    "flagged": false
  },
  {
    "username": "bryanterry_",
    "display_name": "Bryan Terry",
    "user_id": "1330181019243905088",
    "joined_at": "April 23, 2025",
    "account_created": "January 18, 2025",
    "server_id": "814439809149960202",
    "server_name": "MOMENTUM TRADES by Mr M Trades",
    "added": false,
    "flagged": false
  },
  {
    "username": "nolantradess",
    "display_name": "Nolan",
    "user_id": "1277822022994624593",
    "joined_at": "April 23, 2025",
    "account_created": "August 27, 2024",
    "server_id": "814439809149960202",
    "server_name": "MOMENTUM TRADES by Mr M Trades",
    "added": false,
    "flagged": true
  },
  {
    "username": "mr._mofficial",
    "display_name": "Mr M Trades",
    "user_id": "1349682907127746561",
    "joined_at": "April 23, 2025",
    "account_created": "March 13, 2025",
    "server_id": "814439809149960202",
    "server_name": "MOMENTUM TRADES by Mr M Trades",
    "added": false,
    "flagged": true
  },
  {
    "username": "tiagofcp",
    "display_name": "tiagofcp",
    "user_id": "209681966176534529",
    "joined_at": "April 23, 2025",
    "account_created": "August 01, 2016",
    "server_id": "814439809149960202",
    "server_name": "MOMENTUM TRADES by Mr M Trades",
    "added": false,
    "flagged": false
  },
  {
    "username": "stefger_48980",
    "display_name": "StefGER",
    "user_id": "1363545682891247789",
    "joined_at": "April 23, 2025",
    "account_created": "April 20, 2025",
    "server_id": "814439809149960202",
    "server_name": "MOMENTUM TRADES by Mr M Trades",
    "added": true,
    "flagged": false
  },
  {
    "username": "larryhallack_14606",
    "display_name": "Larry Hallack",
    "user_id": "1361116550383276072",
    "joined_at": "April 23, 2025",
    "account_created": "April 13, 2025",
    "server_id": "814439809149960202",
    "server_name": "MOMENTUM TRADES by Mr M Trades",
    "added": true,
    "flagged": false
  },
  {
    "username": "kenyumm",
    "display_name": "Yummy",
    "user_id": "1293655990255747154",
    "joined_at": "April 23, 2025",
    "account_created": "October 09, 2024",
    "server_id": "814439809149960202",
    "server_name": "MOMENTUM TRADES by Mr M Trades",
    "added": false,
    "flagged": false
  }
]