[
  {
    "username": "elonmuskworld",
    "display_name": "Elon",
    "user_id": "1364038337647738890",
    "joined_at": "April 22, 2025",
    "account_created": "April 22, 2025",
    "server_id": "831287358355275877",
    "server_name": "Bored Ape Yacht Club",
    "added": true,
    "flagged": false
  },
  {
    "username": "hyunxx._.",
    "display_name": "\uc9c0\ud604",
    "user_id": "533287039576309773",
    "joined_at": "April 22, 2025",
    "account_created": "January 11, 2019",
    "server_id": "831287358355275877",
    "server_name": "Bored Ape Yacht Club",
    "added": false,
    "flagged": false
  },
  {
    "username": "genkongz",
    "display_name": "genkongz",
    "user_id": "357812997563088897",
    "joined_at": "April 22, 2025",
    "account_created": "September 14, 2017",
    "server_id": "831287358355275877",
    "server_name": "Bored Ape Yacht Club",
    "added": true,
    "flagged": false
  },
  {
    "username": "bl1tma1",
    "display_name": "Kostas",
    "user_id": "756733516137496657",
    "joined_at": "April 22, 2025",
    "account_created": "September 19, 2020",
    "server_id": "831287358355275877",
    "server_name": "Bored Ape Yacht Club",
    "added": true,
    "flagged": false
  },
  {
    "username": "sarwar_7",
    "display_name": "Sarwar",
    "user_id": "847560180279148574",
    "joined_at": "April 22, 2025",
    "account_created": "May 27, 2021",
    "server_id": "831287358355275877",
    "server_name": "Bored Ape Yacht Club",
    "added": false,
    "flagged": false
  },
  {
    "username": "meta053187_14817",
    "display_name": "Meta",
    "user_id": "1361430297681592320",
    "joined_at": "April 22, 2025",
    "account_created": "April 14, 2025",
    "server_id": "831287358355275877",
    "server_name": "Bored Ape Yacht Club",
    "added": false,
    "flagged": false
  },
  {
    "username": "xxxoneyyy",
    "display_name": "xxxoneyy",
    "user_id": "1241139230068048045",
    "joined_at": "April 22, 2025",
    "account_created": "May 17, 2024",
    "server_id": "831287358355275877",
    "server_name": "Bored Ape Yacht Club",
    "added": true,
    "flagged": false
  },
  {
    "username": "tomaldred",
    "display_name": "Tom Aldred",
    "user_id": "1332593835569582145",
    "joined_at": "April 22, 2025",
    "account_created": "January 25, 2025",
    "server_id": "831287358355275877",
    "server_name": "Bored Ape Yacht Club",
    "added": false,
    "flagged": false
  },
  {
    "username": "ryo3628371",
    "display_name": "Ryo",
    "user_id": "672012868585259008",
    "joined_at": "April 22, 2025",
    "account_created": "January 29, 2020",
    "server_id": "831287358355275877",
    "server_name": "Bored Ape Yacht Club",
    "added": true,
    "flagged": false
  },
  {
    "username": "familyfirst1010",
    "display_name": "Familyfirst",
    "user_id": "1363988139068231871",
    "joined_at": "April 22, 2025",
    "account_created": "April 21, 2025",
    "server_id": "831287358355275877",
    "server_name": "Bored Ape Yacht Club",
    "added": true,
    "flagged": false
  },
  {
    "username": "drgryzzly",
    "display_name": "DrGryzzly",
    "user_id": "305381351304200192",
    "joined_at": "April 22, 2025",
    "account_created": "April 22, 2017",
    "server_id": "831287358355275877",
    "server_name": "Bored Ape Yacht Club",
    "added": false,
    "flagged": false
  },
  {
    "username": "alesch771",
    "display_name": "Al",
    "user_id": "968355973028806656",
    "joined_at": "April 22, 2025",
    "account_created": "April 26, 2022",
    "server_id": "831287358355275877",
    "server_name": "Bored Ape Yacht Club",
    "added": false,
    "flagged": false
  },
  {
    "username": "thalamus__",
    "display_name": "panramem",
    "user_id": "340562824990425108",
    "joined_at": "April 22, 2025",
    "account_created": "July 28, 2017",
    "server_id": "831287358355275877",
    "server_name": "Bored Ape Yacht Club",
    "added": false,
    "flagged": false
  },
  {
    "username": "cryptoguru_101",
    "display_name": "Coinman",
    "user_id": "1364353329437610108",
    "joined_at": "April 22, 2025",
    "account_created": "April 22, 2025",
    "server_id": "831287358355275877",
    "server_name": "Bored Ape Yacht Club",
    "added": false,
    "flagged": true
  },
  {
    "username": "_willams012.",
    "display_name": "\u5510\u00b7\u4e9e\u6b77\u514b\u897f\u65af",
    "user_id": "1314926185557262337",
    "joined_at": "April 22, 2025",
    "account_created": "December 07, 2024",
    "server_id": "831287358355275877",
    "server_name": "Bored Ape Yacht Club",
    "added": false,
    "flagged": false
  },
  {
    "username": "alwaysgrind2",
    "display_name": "grindallday",
    "user_id": "999842708577333289",
    "joined_at": "April 22, 2025",
    "account_created": "July 22, 2022",
    "server_id": "831287358355275877",
    "server_name": "Bored Ape Yacht Club",
    "added": false,
    "flagged": false
  },
  {
    "username": "frankgoddambutches",
    "display_name": "Frankgoddambutches",
    "user_id": "1361491734130983143",
    "joined_at": "April 22, 2025",
    "account_created": "April 15, 2025",
    "server_id": "831287358355275877",
    "server_name": "Bored Ape Yacht Club",
    "added": true,
    "flagged": false
  },
  {
    "username": "schmoremoney",
    "display_name": "$chmoney",
    "user_id": "1350969500459073587",
    "joined_at": "April 23, 2025",
    "account_created": "March 16, 2025",
    "server_id": "831287358355275877",
    "server_name": "Bored Ape Yacht Club",
    "added": true,
    "flagged": false
  },
  {
    "username": "0xf1r3x",
    "display_name": "! XFIRE.",
    "user_id": "1004347378511401051",
    "joined_at": "April 23, 2025",
    "account_created": "August 03, 2022",
    "server_id": "831287358355275877",
    "server_name": "Bored Ape Yacht Club",
    "added": false,
    "flagged": false
  },
  {
    "username": "milot0511",
    "display_name": "Milot",
    "user_id": "1353656820723355710",
    "joined_at": "April 23, 2025",
    "account_created": "March 24, 2025",
    "server_id": "831287358355275877",
    "server_name": "Bored Ape Yacht Club",
    "added": true,
    "flagged": false
  },
  {
    "username": "geephantom_666",
    "display_name": "GeePhantom",
    "user_id": "1354144823669690418",
    "joined_at": "April 23, 2025",
    "account_created": "March 25, 2025",
    "server_id": "831287358355275877",
    "server_name": "Bored Ape Yacht Club",
    "added": true,
    "flagged": false
  },
  {
    "username": "phi88",
    "display_name": "Phi",
    "user_id": "740193590914973769",
    "joined_at": "April 23, 2025",
    "account_created": "August 04, 2020",
    "server_id": "831287358355275877",
    "server_name": "Bored Ape Yacht Club",
    "added": false,
    "flagged": false
  }
]