[
  {
    "domain": ".discord.com",
    "expiry": 1776535796,
    "httpOnly": true,
    "name": "cf_clearance",
    "path": "/",
    "sameSite": "None",
    "secure": true,
    "value": "fXPS7uuBRWYdiaho3pBieMb1xStWMxaklpEvwx51mXo-1744999796-1.2.1.1-D_StHiRKmqU1WVOrSzTBf3sB2U0Mml7tuWlioFri2evmRLRlDnDY6F6RN46y8AyHBZFz2vjTg1x3MvXDcsh2X.Jp1F2R0KNXRZM_i3oy0M_KJEvZCqO0W0.x0juDWasKf99atDaQwpadkJey0sPPrvzzU9grQpfCRbG3Uh1o1xS64iFm5og9B2nAu0CyYHCKr_bC_8S27._hrQgP6bO4PNaX5u3HjmFR3p9y1cQtc.WYID8Hg7rXCUtMYiQORFXRwapses5LowpmE5Y5PP1jo1EWQdKOtbui8H63OaEG5dToUZaYeRxW7dCJzmAUjDNodwImAvjP01Hm1FtMv7RB_zj_Mib0e4312P3XgqMKVx0"
  },
  {
    "domain": ".discord.com",
    "httpOnly": false,
    "name": "__cf_bm",
    "path": "/",
    "sameSite": "Lax",
    "secure": true,
    "value": ""
  },
  {
    "domain": ".discord.com",
    "httpOnly": true,
    "name": "__cfruid",
    "path": "/",
    "sameSite": "None",
    "secure": true,
    "value": "6b9d0fc49029ac76e535e9a147fe5f4e6678a7f4-1744652393"
  },
  {
    "domain": ".discord.com",
    "httpOnly": false,
    "name": "locale",
    "path": "/",
    "sameSite": "Lax",
    "secure": true,
    "value": "en-US"
  },
  {
    "domain": ".discord.com",
    "expiry": 1776527700,
    "httpOnly": true,
    "name": "cf_clearance",
    "path": "/",
    "sameSite": "None",
    "secure": true,
    "value": "qHpD7XaPlovOwenpOeP.fbs3kUj1gc6aFUWxiOTl82w-1744991700-1.2.1.1-DL3wjFvsqBL9Pf6.5FBMTyDG6Fx153XqdMSd7cKV7Hl8hu.2l35ZmGHvu5n85l4_FVZlbtbToGzQ1VZe9JAw4ta8SEHbO_j1bbSmhrIovJtwLe4M0.bUccQnxF7Esr1YWGRVYkkWnscZRA9nWDMw6_JC0lj5Y.WV2RS2CrAWOfM4K_CZr91eptD1pi2psOoy4moYyyeh6NEeWB8pwaJpvVkrIUDHFKUjW4XeWLymNQib6ZOL7IKzlwM8.i5itJbKwbURt3KK45fi.NzJB4.jV0bbzTUDmm_9gXONx3Ofgg92gX7DzRy4w809HeDlm8eOBdwDJ1cvIPo4O4EKB8AwAklXLo5YqN7PGbi39hyWOCA"
  },
  {
    "domain": ".discord.com",
    "httpOnly": true,
    "name": "_cfuvid",
    "path": "/",
    "sameSite": "None",
    "secure": true,
    "value": "KZeW2SCkhiLhzg3NrVVlstQ_J7W0eH3lQN89TJcnkuo-1744652392937-0.0.1.1-604800000"
  },
  {
    "domain": ".discord.com",
    "expiry": 1779550834,
    "httpOnly": true,
    "name": "__sdcfduid",
    "path": "/",
    "sameSite": "Lax",
    "secure": true,
    "value": "779d6ed11c6b11f0b6148f37edb23be3195dfa0011c0b9929de208045a460d7541ee832b6becd41b29c7a112c461e4d3"
  },
  {
    "domain": ".discord.com",
    "expiry": 1779550834,
    "httpOnly": true,
    "name": "__dcfduid",
    "path": "/",
    "sameSite": "Lax",
    "secure": true,
    "value": "779d6ed01c6b11f0b6148f37edb23be3"
  },
  {
    "domain": "discord.com",
    "expiry": 1779557669,
    "httpOnly": true,
    "name": "__sdcfduid",
    "path": "/",
    "sameSite": "Lax",
    "secure": true,
    "value": "61cbd9b11c7b11f0acacd1403d28bfd02aeab9583c910ca90a617f9748039ba8405e47e13f6ebeb784724994bcefe080"
  },
  {
    "domain": "discord.com",
    "expiry": 1779557669,
    "httpOnly": true,
    "name": "__dcfduid",
    "path": "/",
    "sameSite": "Lax",
    "secure": true,
    "value": "61cbd9b01c7b11f0acacd1403d28bfd0"
  }
]